date,sku_id,on_hand_units,on_order_units,lead_time_days,reorder_point
2026-09-27,K01,123,21,14,251
2026-09-27,K02,381,0,7,82
2026-09-27,K03,465,0,10,123
2026-09-27,A01,87,15,14,89
2026-09-27,A02,945,0,21,141
2026-09-27,D01,283,50,10,177
2026-09-27,D02,167,29,14,102
2026-09-27,D03,195,0,10,51
2026-09-27,D04,585,0,7,25
2026-09-27,B01,236,0,14,102
2026-09-27,B02,498,0,10,102
2026-09-27,B03,115,20,21,132
2026-09-20,K01,133,23,14,251
2026-09-20,K02,412,0,7,82
2026-09-20,K03,502,0,10,123
2026-09-20,A01,94,16,14,89
2026-09-20,A02,1021,0,21,141
2026-09-20,D01,306,54,10,177
2026-09-20,D02,181,31,14,102
2026-09-20,D03,210,0,10,51
2026-09-20,D04,631,0,7,25
2026-09-20,B01,255,0,14,102
2026-09-20,B02,538,0,10,102
2026-09-20,B03,125,21,21,132
2026-09-13,K01,143,25,14,251
2026-09-13,K02,442,0,7,82
2026-09-13,K03,539,0,10,123
2026-09-13,A01,102,17,14,89
2026-09-13,A02,1097,0,21,141
2026-09-13,D01,329,58,10,177
2026-09-13,D02,194,34,14,102
2026-09-13,D03,226,0,10,51
2026-09-13,D04,678,0,7,25
2026-09-13,B01,274,0,14,102
2026-09-13,B02,578,0,10,102
2026-09-13,B03,134,23,21,132
2026-09-06,K01,153,26,14,251
2026-09-06,K02,473,0,7,82
2026-09-06,K03,577,0,10,123
2026-09-06,A01,108,19,14,89
2026-09-06,A02,1172,0,21,141
2026-09-06,D01,351,62,10,177
2026-09-06,D02,208,36,14,102
2026-09-06,D03,241,0,10,51
2026-09-06,D04,725,0,7,25
2026-09-06,B01,293,0,14,102
2026-09-06,B02,617,0,10,102
2026-09-06,B03,143,25,21,132
